<?xml version="1.0" encoding="UTF-8"?>
<project-private xmlns="http://www.netbeans.org/ns/project-private/1">
    <editor-bookmarks xmlns="http://www.netbeans.org/ns/editor-bookmarks/2" lastBookmarkId="0"/>
    <open-files xmlns="http://www.netbeans.org/ns/projectui-open-files/2">
        <group>
            <file>file:/G:/Freelancer/BestAssignmentHelp/209_new%20order-Assbrief-Dl-tonight%2010%20pm_3500/ProgramFiles/TextStats/src/textstats/TextStats.java</file>
            <file>file:/G:/Freelancer/BestAssignmentHelp/209_new%20order-Assbrief-Dl-tonight%2010%20pm_3500/ProgramFiles/TextStats/src/textstats/CharFreq.java</file>
        </group>
    </open-files>
</project-private>
